{"organisation":"VIC_Govt_VicRoads","name":"VicRoads:blackspot_0812","title":"Black Spots 2007 - 2012 for Victoria","legal":{"copyrightYear":"2001 - 2014","attributionYear":"2014","attribution":"{datasource.organisationTitle}, ({dataset.attributionYear}): {dataset.title}; accessed from AURIN Portal on {dateOfAccess}.","clickthrough":false,"licenceType":"Creative Commons Attribution-NonCommercial 3.0 Australia (CC BY-NC 3.0 AU)","copyrightNotice":"&copy; {datasource.organisationTitle} {dataset.copyrightYear}"},"referenceSystemIdentifier":"EPSG:4283","geoLevel":"NA","key":"id","keyRegex":null,"availability":"true","geomField":"wkb_geometry","keyword":"black spot accident, crash","theme":null,"temporalExtent":{"beginDate":"2007-01-01T00:00:00","endDate":"2012-12-31T00:00:00","selectTime":false},"type":"dataset","_id":"dataset-VIC_Govt_VicRoads-VicRoads:blackspot_0812-NA","bbox":null,"abstract":"This dataset includes the locations where there have been high rates of crashes till December of 2012.","selectedAttributes":[{"name":"id","type":"java.lang.Double","title":"ID","description":"The unique identifier for the location","stype":"Nominal","isDimension":false},{"name":"wkb_geometry","type":"com.vividsolutions.jts.geom.Point","title":"Geometry Field","description":"Geometry Field","stype":"Nominal","isDimension":false},{"name":"accidents","type":"java.lang.Double","title":"Rate of accident","description":"Number of crashes at the crash location","stype":"Ratio","isDimension":false}],"filter":{"filterType":"tabular","spatial":{"bbox":[144.48556077749,-38.288476930814,145.51106584319,-37.502667454885]}}}