{"organisation":"VIC_Govt_VicRoads","name":"VicRoads:evol_mar13","title":"Victorian Road Traffic Volumes","legal":{"copyrightYear":"2001 - 2014","attributionYear":"2014","attribution":"{datasource.organisationTitle}, ({dataset.attributionYear}): {dataset.title}; accessed from AURIN Portal on {dateOfAccess}.","clickthrough":false,"licenceType":"Creative Commons Attribution-NonCommercial 3.0 Australia (CC BY-NC 3.0 AU)","copyrightNotice":"&copy; {datasource.organisationTitle} {dataset.copyrightYear}"},"referenceSystemIdentifier":"EPSG:4283","geoLevel":"NA","key":"gid","keyRegex":null,"availability":"true","geomField":"geom","keyword":"road traffic, volume of cars, volume of trucks, transport","theme":null,"temporalExtent":{"beginDate":"2012-01-01T00:00:00","endDate":"2012-12-31T00:00:00","selectTime":false},"type":"dataset","_id":"dataset-VIC_Govt_VicRoads-VicRoads:evol_mar13-NA","bbox":null,"abstract":"This dataset is provided by VicRoads and contains road traffic volumes for freeways (excluding toll roads) and arterial roads in Victoria derived from surveys and estimates. They cover the period of the last four (4) years, and ten (10) years. The Average Annual Daily Traffic (AADT) volumes are provided, including the number of commercial vehicles in the traffic stream. The data is based on the segment of road that is of interest and the publication provides the Homogenous Flow (HF) number associated with that segment of roadway. Further information relating to the VicRoads dataset is available from here: http://www.vicroads.vic.gov.au/Home/Moreinfoandservices/RoadManagementAndDesign/RoadUseAndPerformance/ArterialRoadTrafficVolumes.htm","selectedAttributes":[{"name":"gid","type":"java.lang.Integer","title":"Geographical Identifier","description":"Geographical Identifier","stype":"Nominal","isDimension":false},{"name":"hf_1","type":"java.lang.Double","title":"Homogeneous Flow","description":"Internal Reference Number. HF stands for Homogeneous Flow - It is a length of road thought to be homogeneous in terms of traffic volumes","stype":"Nominal","isDimension":false},{"name":"road","type":"java.lang.String","title":"Road Name","description":"Road Name Description","stype":"Nominal","isDimension":false},{"name":"directio_1","type":"java.lang.String","title":"Direction of Travel","description":"Direction of travel","stype":"Nominal","isDimension":false},{"name":"allvehs","type":"java.lang.Double","title":"24 Hour All Vehicle Volumes","description":"24 Hour Median Midweek Non Holiday All Vehicle Volumes","stype":"Nominal","isDimension":false},{"name":"trucks","type":"java.lang.Double","title":"24 Hour Truck Volumes","description":"24 Hour Median Midweek Non Holiday Truck Volumes","stype":"Nominal","isDimension":false},{"name":"per_trucks","type":"java.lang.String","title":"Percentage of trucks","description":"Percentage of trucks to all vehicles","stype":"Ratio","isDimension":false},{"name":"allveh_cal","type":"java.lang.String","title":"Vehicle Calculation Type","description":"Denotes whether the all vehicle count was an estimate or actual count","stype":"Nominal","isDimension":false},{"name":"truck_calc","type":"java.lang.String","title":"Truck Calculation Type","description":"Denotes whether the truck count was an estimate or actual count","stype":"Nominal","isDimension":false},{"name":"year","type":"java.lang.Double","title":"Volume Year","description":"Which year the volume represents","stype":"Interval","isDimension":false},{"name":"label","type":"java.lang.String","title":"Label","description":"Labelling for internal report purposes - structure of label: VOLUME (PERCENTAGE TRUCKS ACTUAL TRUCKS) DIRECTION with an asterisks denoting estimation","stype":"Nominal","isDimension":false},{"name":"allveh_amp","type":"java.lang.String","title":"AM Peak All Vehicle Volume","description":"AM Peak All Vehicle Volume - AM Peak is defined by the highest hourly interval from 12:00 AM to 12:00 PM","stype":"Ratio","isDimension":false},{"name":"allveh_pmp","type":"java.lang.String","title":"PM Peak All Vehicle Volume","description":"PM Peak All Vehicle Volume - PM Peak is defined by the highest hourly interval from 12:00 PM to 12:00 AM","stype":"Ratio","isDimension":false},{"name":"geom","type":"com.vividsolutions.jts.geom.MultiLineString","title":"Geometry Field","description":"Geometry Field","stype":"Nominal","isDimension":false}],"filter":{"filterType":"tabular","spatial":{"bbox":[144.48556077749,-38.288476930814,145.51106584319,-37.502667454885]}}}