{"organisation":"VIC_Govt_VicRoads","name":"VicRoads:annual_average_daily_traffic","title":"Arterial Road Annual Average Daily Traffic Volumes 2001, 2008-2011 for Victoria","legal":{"copyrightYear":"2001 - 2014","attributionYear":"2014","attribution":"{datasource.organisationTitle}, ({dataset.attributionYear}): {dataset.title}; accessed from AURIN Portal on {dateOfAccess}.","clickthrough":false,"licenceType":"Creative Commons Attribution-NonCommercial 3.0 Australia (CC BY-NC 3.0 AU)","copyrightNotice":"&copy; {datasource.organisationTitle} {dataset.copyrightYear}"},"referenceSystemIdentifier":"EPSG:4283","geoLevel":"NA","key":"gid","keyRegex":null,"availability":"true","geomField":"wkb_geometry","keyword":"daily traffic","theme":null,"temporalExtent":{"beginDate":"2001-01-01T00:00:00","endDate":"2011-12-31T00:00:00","selectTime":false},"type":"dataset","_id":"dataset-VIC_Govt_VicRoads-VicRoads:annual_average_daily_traffic-NA","bbox":null,"abstract":"Traffic volumes for freeways (excluding toll roads) and arterial roads in Victoria derived from surveys or estimates, covering the last four years, and ten years ago. The annual average daily traffic volume is provided, including the number of commercial vehicles. The data covers the years 2001 and 2008-2011.","selectedAttributes":[{"name":"gid","type":"java.lang.Double","title":"Road Segment ID","description":"The unique identifier for the road segments","stype":"Nominal","isDimension":false},{"name":"wkb_geometry","type":"com.vividsolutions.jts.geom.LineString","title":"Geometry Field","description":"Geometry Field","stype":"Nominal","isDimension":false},{"name":"hf","type":"java.lang.Double","title":"Homogenous Flow","description":"Homogenous Flow (HF) is an internal VicRoads reference number","stype":"Nominal","isDimension":false},{"name":"srrs","type":"java.lang.String","title":"Statewide Road Referencing System","description":"Statewide Road Referencing System (SRRS) is an internal VicRoads reference number","stype":"Nominal","isDimension":false},{"name":"chainage","type":"java.lang.String","title":"Chainage","description":"The distance along the road between which the traffic volume applies","stype":"Nominal","isDimension":false},{"name":"location","type":"java.lang.String","title":"Location","description":"The road and generally the nearest intersecting roads","stype":"Nominal","isDimension":false},{"name":"directio_1","type":"java.lang.String","title":"Direction","description":"Direction of traffic flow for which the volume applies (N BD=North Bound, S BD=South Bound, E BD=East Bound, W BD=West Bound, NE BD=North East Bound, NW BD=North West Bound, SE BD=South East Bound, SW BD=South West Bound)","stype":"Nominal","isDimension":false},{"name":"melway","type":"java.lang.String","title":"Melway","description":"The Melway map reference, if preceded by C, the VicRoads Country Directory reference","stype":"Nominal","isDimension":false},{"name":"region","type":"java.lang.String","title":"Region","description":"The VicRoads administrative region of the location","stype":"Nominal","isDimension":false},{"name":"lga","type":"java.lang.String","title":"Local Government Area","description":"The local government area of the location","stype":"Nominal","isDimension":false},{"name":"aadt_2001","type":"java.lang.String","title":"Annual Average Daily Traffic 2001","description":"The annual average daily traffic volume in 2001. Estimated volumes have been denoted * (where growth factors have been applied to traffic counts from surrounding years) or ** (where traffic counts are not available and volumes from surrounding roads have been used).","stype":"Ratio","isDimension":false},{"name":"aadt_2008","type":"java.lang.String","title":"Annual Average Daily Traffic 2008","description":"The annual average daily traffic volume in 2008. Estimated volumes have been denoted * (where growth factors have been applied to traffic counts from surrounding years) or ** (where traffic counts are not available and volumes from surrounding roads have been used).","stype":"Ratio","isDimension":false},{"name":"aadt_2009","type":"java.lang.String","title":"Annual Average Daily Traffic 2009","description":"The annual average daily traffic volume in 2009. Estimated volumes have been denoted * (where growth factors have been applied to traffic counts from surrounding years) or ** (where traffic counts are not available and volumes from surrounding roads have been used).","stype":"Ratio","isDimension":false},{"name":"aadt_2010","type":"java.lang.String","title":"Annual Average Daily Traffic 2010","description":"The annual average daily traffic volume in 2010. Estimated volumes have been denoted * (where growth factors have been applied to traffic counts from surrounding years) or ** (where traffic counts are not available and volumes from surrounding roads have been used).","stype":"Ratio","isDimension":false},{"name":"aadt_2011","type":"java.lang.String","title":"Annual Average Daily Traffic 2011","description":"The annual average daily traffic volume in 2011. Estimated volumes have been denoted * (where growth factors have been applied to traffic counts from surrounding years) or ** (where traffic counts are not available and volumes from surrounding roads have been used).","stype":"Ratio","isDimension":false}],"filter":{"filterType":"tabular","spatial":{"bbox":[144.48556077749,-38.288476930814,145.51106584319,-37.502667454885]}}}